direccion,nombres,apellidos,edad,identificacion,telefono,celular,patio
Colon y america,Cesar Abraham,Saavedra Drouet,30,1000000001,265989656,984562132,1
Colon y america,Cesar Abraham,Saavedra Drouet,31,1000000002,265989656,984562132,1
Colon y america,Cesar Abraham,Saavedra Drouet,32,1000000003,265989656,984562132,1
Colon y america,Cesar Abraham,Saavedra Drouet,33,1000000004,265989656,984562132,1
Colon y america,Cesar Abraham,Saavedra Drouet,34,1000000005,265989656,984562132,1
Colon y america,Cesar Abraham,Saavedra Drouet,35,1000000006,265989656,984562132,1
Colon y america,Cesar Abraham,Saavedra Drouet,36,1000000007,265989656,984562132,1
Colon y america,Cesar Abraham,Saavedra Drouet,37,1000000008,265989656,984562132,1
Colon y america,Cesar Abraham,Saavedra Drouet,38,1000000009,265989656,984562132,1
Colon y america,Cesar Abraham,Saavedra Drouet,39,1000000010,265989656,984562132,1
Colon y america,Cesar Abraham,Saavedra Drouet,40,1000000011,265989656,984562132,1
Colon y america,Cesar Abraham,Saavedra Drouet,41,1000000012,265989656,984562132,1
Colon y america,Cesar Abraham,Saavedra Drouet,42,1000000013,265989656,984562132,1
Colon y america,Cesar Abraham,Saavedra Drouet,43,1000000014,265989656,984562132,1
